season,player1,player2,total,p1_wins,p2_wins,p1_winrate
1,silverrruns,dandannyboy,23,14,9,0.6086956521739131
1,silverrruns,7rowl,4,1,3,0.25
1,silverrruns,doogile,15,5,10,0.3333333333333333
1,silverrruns,Ancoboyy,1,0,1,0.0
1,silverrruns,Ranik_,6,3,3,0.5
1,silverrruns,MoleyG,1,1,0,1.0
1,dandannyboy,lowk3y_,3,1,2,0.3333333333333333
1,dandannyboy,7rowl,1,0,1,0.0
1,dandannyboy,doogile,2,0,2,0.0
1,dandannyboy,Ranik_,11,6,5,0.5454545454545454
1,Oxidiot,7rowl,7,2,5,0.2857142857142857
1,Oxidiot,doogile,2,0,2,0.0
1,Oxidiot,Ancoboyy,1,1,0,1.0
1,Oxidiot,Ranik_,3,2,1,0.6666666666666666
1,Oxidiot,CroProYT,1,0,1,0.0
1,orachi_,MoleyG,2,1,1,0.5
1,lowk3y_,7rowl,3,2,1,0.6666666666666666
1,7rowl,doogile,3,2,1,0.6666666666666666
1,7rowl,Ancoboyy,16,12,4,0.75
1,7rowl,Ranik_,15,13,2,0.8666666666666667
1,doogile,Ancoboyy,3,1,2,0.3333333333333333
1,doogile,Ranik_,4,2,2,0.5
1,Ancoboyy,Ranik_,16,15,1,0.9375
1,Ancoboyy,MoleyG,1,1,0,1.0
1,Ranik_,MoleyG,3,2,1,0.6666666666666666
1,MoleyG,CroProYT,1,0,1,0.0
2,lowk3y_,dandannyboy,3,2,1,0.6666666666666666
2,lowk3y_,7rowl,3,2,1,0.6666666666666666
2,lowk3y_,dwoh,1,1,0,1.0
2,lowk3y_,bing_pigs,11,7,4,0.6363636363636364
2,CroProYT,Oxidiot,1,0,1,0.0
2,dandannyboy,doogile,2,0,2,0.0
2,dandannyboy,7rowl,1,0,1,0.0
2,dandannyboy,dwoh,1,0,1,0.0
2,dandannyboy,silverrruns,23,8,15,0.34782608695652173
2,dandannyboy,bing_pigs,3,1,2,0.3333333333333333
2,dandannyboy,drx6,4,2,2,0.5
2,dandannyboy,Ranik_,11,6,5,0.5454545454545454
2,doogile,7rowl,3,1,2,0.3333333333333333
2,doogile,silverrruns,15,9,6,0.6
2,doogile,bing_pigs,5,3,2,0.6
2,doogile,Ancoboyy,3,1,2,0.3333333333333333
2,doogile,Ranik_,4,2,2,0.5
2,doogile,Oxidiot,2,2,0,1.0
2,7rowl,silverrruns,4,3,1,0.75
2,7rowl,Emillk,1,1,0,1.0
2,7rowl,bing_pigs,15,4,11,0.26666666666666666
2,7rowl,Ancoboyy,16,12,4,0.75
2,7rowl,Ranik_,15,13,2,0.8666666666666667
2,7rowl,Oxidiot,7,5,2,0.7142857142857143
2,dwoh,silverrruns,2,1,1,0.5
2,dwoh,Oxidiot,2,1,1,0.5
2,silverrruns,Emillk,1,0,1,0.0
2,silverrruns,bing_pigs,10,4,6,0.4
2,silverrruns,drx6,2,1,1,0.5
2,silverrruns,Ancoboyy,1,0,1,0.0
2,silverrruns,Ranik_,6,3,3,0.5
2,Emillk,Oxidiot,2,2,0,1.0
2,bing_pigs,drx6,1,1,0,1.0
2,bing_pigs,Ancoboyy,28,15,13,0.5357142857142857
2,bing_pigs,Ranik_,11,7,4,0.6363636363636364
2,bing_pigs,Oxidiot,5,3,2,0.6
2,drx6,Oxidiot,1,1,0,1.0
2,Ancoboyy,Ranik_,16,15,1,0.9375
2,Ancoboyy,Oxidiot,1,0,1,0.0
2,Ranik_,Oxidiot,3,1,2,0.3333333333333333
3,7rowl,Ancoboyy,16,12,4,0.75
3,7rowl,dandannyboy,1,1,0,1.0
3,7rowl,doogile,3,2,1,0.6666666666666666
3,7rowl,hackingnoises,10,4,6,0.4
3,7rowl,lowk3y_,3,1,2,0.3333333333333333
3,7rowl,Oxidiot,7,5,2,0.7142857142857143
3,7rowl,ANJOUU,5,3,2,0.6
3,7rowl,BeefSalad,20,8,12,0.4
3,7rowl,Bloonskiller,1,1,0,1.0
3,7rowl,loodlow,7,1,6,0.14285714285714285
3,7rowl,paplerr,3,0,3,0.0
3,7rowl,v_strid,29,17,12,0.5862068965517241
3,7rowl,autoqualler,1,1,0,1.0
3,Ancoboyy,doogile,3,2,1,0.6666666666666666
3,Ancoboyy,hackingnoises,1,1,0,1.0
3,Ancoboyy,Oxidiot,1,0,1,0.0
3,Ancoboyy,ANJOUU,14,6,8,0.42857142857142855
3,Ancoboyy,BeefSalad,11,7,4,0.6363636363636364
3,Ancoboyy,Bloonskiller,2,1,1,0.5
3,Ancoboyy,loodlow,9,7,2,0.7777777777777778
3,Ancoboyy,v_strid,18,6,12,0.3333333333333333
3,dandannyboy,doogile,2,0,2,0.0
3,dandannyboy,hackingnoises,1,0,1,0.0
3,dandannyboy,lowk3y_,3,1,2,0.3333333333333333
3,dandannyboy,ANJOUU,2,1,1,0.5
3,dandannyboy,BeefSalad,2,1,1,0.5
3,dandannyboy,Bloonskiller,2,1,1,0.5
3,dandannyboy,loodlow,2,0,2,0.0
3,dandannyboy,v_strid,16,5,11,0.3125
3,dandannyboy,autoqualler,9,6,3,0.6666666666666666
3,doogile,Oxidiot,2,2,0,1.0
3,doogile,BeefSalad,12,9,3,0.75
3,doogile,Bloonskiller,3,2,1,0.6666666666666666
3,doogile,loodlow,1,0,1,0.0
3,doogile,v_strid,17,16,1,0.9411764705882353
3,doogile,autoqualler,1,1,0,1.0
3,hackingnoises,lowk3y_,2,0,2,0.0
3,hackingnoises,Oxidiot,9,4,5,0.4444444444444444
3,hackingnoises,ANJOUU,3,1,2,0.3333333333333333
3,hackingnoises,BeefSalad,13,4,9,0.3076923076923077
3,hackingnoises,paplerr,5,4,1,0.8
3,hackingnoises,v_strid,2,2,0,1.0
3,lowk3y_,ANJOUU,2,2,0,1.0
3,lowk3y_,BeefSalad,13,6,7,0.46153846153846156
3,lowk3y_,Bloonskiller,2,0,2,0.0
3,lowk3y_,v_strid,7,6,1,0.8571428571428571
3,Oxidiot,ANJOUU,4,3,1,0.75
3,Oxidiot,BeefSalad,8,4,4,0.5
3,Oxidiot,Bloonskiller,2,2,0,1.0
3,Oxidiot,loodlow,6,3,3,0.5
3,Oxidiot,paplerr,12,4,8,0.3333333333333333
3,Oxidiot,v_strid,12,5,7,0.4166666666666667
3,Oxidiot,autoqualler,1,1,0,1.0
3,ANJOUU,BeefSalad,59,29,30,0.4915254237288136
3,ANJOUU,Bloonskiller,4,2,2,0.5
3,ANJOUU,loodlow,11,7,4,0.6363636363636364
3,ANJOUU,paplerr,10,5,5,0.5
3,ANJOUU,v_strid,67,36,31,0.5373134328358209
3,ANJOUU,autoqualler,1,1,0,1.0
3,BeefSalad,Bloonskiller,8,5,3,0.625
3,BeefSalad,loodlow,13,5,8,0.38461538461538464
3,BeefSalad,paplerr,15,7,8,0.4666666666666667
3,BeefSalad,v_strid,64,42,22,0.65625
3,BeefSalad,autoqualler,2,2,0,1.0
3,Bloonskiller,loodlow,3,2,1,0.6666666666666666
3,Bloonskiller,v_strid,6,1,5,0.16666666666666666
3,Bloonskiller,autoqualler,5,1,4,0.2
3,loodlow,paplerr,8,2,6,0.25
3,loodlow,v_strid,23,13,10,0.5652173913043478
3,loodlow,autoqualler,5,2,3,0.4
3,paplerr,v_strid,6,3,3,0.5
3,paplerr,autoqualler,3,1,2,0.3333333333333333
3,v_strid,autoqualler,8,5,3,0.625
4,7rowl,Ancoboyy,16,12,4,0.75
4,7rowl,dandannyboy,1,1,0,1.0
4,7rowl,doogile,3,2,1,0.6666666666666666
4,7rowl,AutomattPLUS,1,0,1,0.0
4,7rowl,hackingnoises,10,4,6,0.4
4,7rowl,Hinart,1,1,0,1.0
4,7rowl,lowk3y_,3,1,2,0.3333333333333333
4,7rowl,Oxidiot,7,5,2,0.7142857142857143
4,7rowl,paplerr,3,0,3,0.0
4,7rowl,silverrruns,4,3,1,0.75
4,7rowl,ANJOUU,5,3,2,0.6
4,7rowl,bing_pigs,15,4,11,0.26666666666666666
4,7rowl,v_strid,29,17,12,0.5862068965517241
4,Ancoboyy,doogile,3,2,1,0.6666666666666666
4,Ancoboyy,AutomattPLUS,3,2,1,0.6666666666666666
4,Ancoboyy,hackingnoises,1,1,0,1.0
4,Ancoboyy,Oxidiot,1,0,1,0.0
4,Ancoboyy,silverrruns,1,1,0,1.0
4,Ancoboyy,ANJOUU,14,6,8,0.42857142857142855
4,Ancoboyy,bing_pigs,28,13,15,0.4642857142857143
4,Ancoboyy,v_strid,18,6,12,0.3333333333333333
4,dandannyboy,doogile,2,0,2,0.0
4,dandannyboy,AutomattPLUS,5,3,2,0.6
4,dandannyboy,hackingnoises,1,0,1,0.0
4,dandannyboy,Hinart,1,1,0,1.0
4,dandannyboy,lowk3y_,3,1,2,0.3333333333333333
4,dandannyboy,silverrruns,23,8,15,0.34782608695652173
4,dandannyboy,ANJOUU,2,1,1,0.5
4,dandannyboy,bing_pigs,3,1,2,0.3333333333333333
4,dandannyboy,v_strid,16,5,11,0.3125
4,doogile,AutomattPLUS,5,5,0,1.0
4,doogile,Oxidiot,2,2,0,1.0
4,doogile,silverrruns,15,9,6,0.6
4,doogile,bing_pigs,5,3,2,0.6
4,doogile,v_strid,17,16,1,0.9411764705882353
4,AutomattPLUS,Hinart,1,0,1,0.0
4,AutomattPLUS,lowk3y_,1,0,1,0.0
4,AutomattPLUS,Oxidiot,4,3,1,0.75
4,AutomattPLUS,paplerr,1,1,0,1.0
4,AutomattPLUS,silverrruns,2,0,2,0.0
4,AutomattPLUS,ANJOUU,10,5,5,0.5
4,AutomattPLUS,bing_pigs,3,0,3,0.0
4,AutomattPLUS,v_strid,26,12,14,0.46153846153846156
4,hackingnoises,lowk3y_,2,0,2,0.0
4,hackingnoises,Oxidiot,9,4,5,0.4444444444444444
4,hackingnoises,paplerr,5,4,1,0.8
4,hackingnoises,ANJOUU,3,1,2,0.3333333333333333
4,hackingnoises,bing_pigs,26,18,8,0.6923076923076923
4,hackingnoises,v_strid,2,2,0,1.0
4,Hinart,paplerr,1,0,1,0.0
4,Hinart,ANJOUU,3,2,1,0.6666666666666666
4,Hinart,v_strid,1,0,1,0.0
4,lowk3y_,ANJOUU,2,2,0,1.0
4,lowk3y_,bing_pigs,11,7,4,0.6363636363636364
4,lowk3y_,v_strid,7,6,1,0.8571428571428571
4,Oxidiot,paplerr,12,4,8,0.3333333333333333
4,Oxidiot,ANJOUU,4,3,1,0.75
4,Oxidiot,bing_pigs,5,2,3,0.4
4,Oxidiot,v_strid,12,5,7,0.4166666666666667
4,paplerr,ANJOUU,10,5,5,0.5
4,paplerr,bing_pigs,6,0,6,0.0
4,paplerr,v_strid,6,3,3,0.5
4,silverrruns,ANJOUU,5,1,4,0.2
4,silverrruns,bing_pigs,10,4,6,0.4
4,silverrruns,v_strid,11,5,6,0.45454545454545453
4,ANJOUU,bing_pigs,15,4,11,0.26666666666666666
4,ANJOUU,v_strid,67,36,31,0.5373134328358209
4,bing_pigs,v_strid,21,12,9,0.5714285714285714
5,7rowl,Ancoboyy,16,12,4,0.75
5,7rowl,BeefSalad,20,8,12,0.4
5,7rowl,bing_pigs,15,4,11,0.26666666666666666
5,7rowl,doogile,3,2,1,0.6666666666666666
5,7rowl,AutomattPLUS,1,0,1,0.0
5,7rowl,hackingnoises,10,4,6,0.4
5,7rowl,lowk3y_,3,1,2,0.3333333333333333
5,7rowl,Oxidiot,7,5,2,0.7142857142857143
5,7rowl,silverrruns,4,3,1,0.75
5,7rowl,TUDORULE,5,2,3,0.4
5,7rowl,v_strid,29,17,12,0.5862068965517241
5,7rowl,Aquacorde,1,1,0,1.0
5,7rowl,dandannyboy,1,1,0,1.0
5,7rowl,KenanKardes,10,6,4,0.6
5,Ancoboyy,BeefSalad,11,7,4,0.6363636363636364
5,Ancoboyy,bing_pigs,28,13,15,0.4642857142857143
5,Ancoboyy,doogile,3,2,1,0.6666666666666666
5,Ancoboyy,AutomattPLUS,3,2,1,0.6666666666666666
5,Ancoboyy,hackingnoises,1,1,0,1.0
5,Ancoboyy,Oxidiot,1,0,1,0.0
5,Ancoboyy,silverrruns,1,1,0,1.0
5,Ancoboyy,TUDORULE,10,5,5,0.5
5,Ancoboyy,v_strid,18,6,12,0.3333333333333333
5,Ancoboyy,KenanKardes,13,6,7,0.46153846153846156
5,BeefSalad,bing_pigs,48,18,30,0.375
5,BeefSalad,doogile,12,3,9,0.25
5,BeefSalad,AutomattPLUS,10,4,6,0.4
5,BeefSalad,hackingnoises,13,9,4,0.6923076923076923
5,BeefSalad,lowk3y_,13,6,7,0.46153846153846156
5,BeefSalad,Oxidiot,8,4,4,0.5
5,BeefSalad,silverrruns,5,1,4,0.2
5,BeefSalad,TUDORULE,6,3,3,0.5
5,BeefSalad,v_strid,64,42,22,0.65625
5,BeefSalad,Aquacorde,8,5,3,0.625
5,BeefSalad,dandannyboy,2,1,1,0.5
5,BeefSalad,KenanKardes,21,10,11,0.47619047619047616
5,bing_pigs,doogile,5,2,3,0.4
5,bing_pigs,AutomattPLUS,3,3,0,1.0
5,bing_pigs,hackingnoises,26,8,18,0.3076923076923077
5,bing_pigs,lowk3y_,11,4,7,0.36363636363636365
5,bing_pigs,Oxidiot,5,3,2,0.6
5,bing_pigs,silverrruns,10,6,4,0.6
5,bing_pigs,TUDORULE,22,13,9,0.5909090909090909
5,bing_pigs,v_strid,21,12,9,0.5714285714285714
5,bing_pigs,Aquacorde,3,2,1,0.6666666666666666
5,bing_pigs,dandannyboy,3,2,1,0.6666666666666666
5,bing_pigs,KenanKardes,24,14,10,0.5833333333333334
5,doogile,AutomattPLUS,5,5,0,1.0
5,doogile,Oxidiot,2,2,0,1.0
5,doogile,silverrruns,15,9,6,0.6
5,doogile,TUDORULE,3,1,2,0.3333333333333333
5,doogile,v_strid,17,16,1,0.9411764705882353
5,doogile,Aquacorde,17,12,5,0.7058823529411765
5,doogile,dandannyboy,2,2,0,1.0
5,doogile,KenanKardes,3,2,1,0.6666666666666666
5,AutomattPLUS,lowk3y_,1,0,1,0.0
5,AutomattPLUS,Oxidiot,4,3,1,0.75
5,AutomattPLUS,silverrruns,2,0,2,0.0
5,AutomattPLUS,TUDORULE,2,2,0,1.0
5,AutomattPLUS,v_strid,26,12,14,0.46153846153846156
5,AutomattPLUS,Aquacorde,7,3,4,0.42857142857142855
5,AutomattPLUS,dandannyboy,5,2,3,0.4
5,AutomattPLUS,KenanKardes,6,2,4,0.3333333333333333
5,hackingnoises,lowk3y_,2,0,2,0.0
5,hackingnoises,Oxidiot,9,4,5,0.4444444444444444
5,hackingnoises,TUDORULE,5,2,3,0.4
5,hackingnoises,v_strid,2,2,0,1.0
5,hackingnoises,dandannyboy,1,1,0,1.0
5,hackingnoises,KenanKardes,5,4,1,0.8
5,lowk3y_,TUDORULE,2,1,1,0.5
5,lowk3y_,v_strid,7,6,1,0.8571428571428571
5,lowk3y_,Aquacorde,5,2,3,0.4
5,lowk3y_,dandannyboy,3,2,1,0.6666666666666666
5,lowk3y_,KenanKardes,3,0,3,0.0
5,Oxidiot,v_strid,12,5,7,0.4166666666666667
5,Oxidiot,KenanKardes,2,1,1,0.5
5,silverrruns,TUDORULE,1,0,1,0.0
5,silverrruns,v_strid,11,5,6,0.45454545454545453
5,silverrruns,Aquacorde,11,7,4,0.6363636363636364
5,silverrruns,dandannyboy,23,14,9,0.6086956521739131
5,silverrruns,KenanKardes,1,0,1,0.0
5,TUDORULE,v_strid,8,4,4,0.5
5,TUDORULE,KenanKardes,7,4,3,0.5714285714285714
5,v_strid,Aquacorde,17,5,12,0.29411764705882354
5,v_strid,dandannyboy,16,11,5,0.6875
5,v_strid,KenanKardes,25,17,8,0.68
5,Aquacorde,dandannyboy,12,10,2,0.8333333333333334
5,Aquacorde,KenanKardes,2,0,2,0.0
5,dandannyboy,KenanKardes,2,0,2,0.0
6,7rowl,BeefSalad,20,8,12,0.4
6,7rowl,bing_pigs,15,4,11,0.26666666666666666
6,7rowl,doogile,3,2,1,0.6666666666666666
6,7rowl,AutomattPLUS,1,0,1,0.0
6,7rowl,Feinberg,13,4,9,0.3076923076923077
6,7rowl,hackingnoises,10,4,6,0.4
6,7rowl,lowk3y_,3,1,2,0.3333333333333333
6,7rowl,MrBudgiee,1,1,0,1.0
6,7rowl,Oxidiot,7,5,2,0.7142857142857143
6,7rowl,silverrruns,4,3,1,0.75
6,7rowl,dandannyboy,1,1,0,1.0
6,7rowl,Erikfzf,1,1,0,1.0
6,7rowl,TUDORULE,5,2,3,0.4
6,BeefSalad,bing_pigs,48,18,30,0.375
6,BeefSalad,doogile,12,3,9,0.25
6,BeefSalad,AutomattPLUS,10,4,6,0.4
6,BeefSalad,Feinberg,37,22,15,0.5945945945945946
6,BeefSalad,hackingnoises,13,9,4,0.6923076923076923
6,BeefSalad,lowk3y_,13,6,7,0.46153846153846156
6,BeefSalad,MrBudgiee,7,4,3,0.5714285714285714
6,BeefSalad,Oxidiot,8,4,4,0.5
6,BeefSalad,silverrruns,5,1,4,0.2
6,BeefSalad,dandannyboy,2,1,1,0.5
6,BeefSalad,Erikfzf,3,2,1,0.6666666666666666
6,BeefSalad,TUDORULE,6,3,3,0.5
6,bing_pigs,doogile,5,2,3,0.4
6,bing_pigs,AutomattPLUS,3,3,0,1.0
6,bing_pigs,Feinberg,8,5,3,0.625
6,bing_pigs,hackingnoises,26,8,18,0.3076923076923077
6,bing_pigs,lowk3y_,11,4,7,0.36363636363636365
6,bing_pigs,Oxidiot,5,3,2,0.6
6,bing_pigs,silverrruns,10,6,4,0.6
6,bing_pigs,dandannyboy,3,2,1,0.6666666666666666
6,bing_pigs,Erikfzf,10,3,7,0.3
6,bing_pigs,TUDORULE,22,13,9,0.5909090909090909
6,doogile,AutomattPLUS,5,5,0,1.0
6,doogile,Feinberg,30,17,13,0.5666666666666667
6,doogile,MrBudgiee,5,5,0,1.0
6,doogile,Oxidiot,2,2,0,1.0
6,doogile,silverrruns,15,9,6,0.6
6,doogile,dandannyboy,2,2,0,1.0
6,doogile,Erikfzf,1,1,0,1.0
6,doogile,TUDORULE,3,1,2,0.3333333333333333
6,AutomattPLUS,Feinberg,5,2,3,0.4
6,AutomattPLUS,lowk3y_,1,0,1,0.0
6,AutomattPLUS,MrBudgiee,2,0,2,0.0
6,AutomattPLUS,Oxidiot,4,3,1,0.75
6,AutomattPLUS,silverrruns,2,0,2,0.0
6,AutomattPLUS,dandannyboy,5,2,3,0.4
6,AutomattPLUS,Erikfzf,4,2,2,0.5
6,AutomattPLUS,TUDORULE,2,2,0,1.0
6,Feinberg,hackingnoises,2,1,1,0.5
6,Feinberg,lowk3y_,2,2,0,1.0
6,Feinberg,MrBudgiee,5,3,2,0.6
6,Feinberg,Oxidiot,2,1,1,0.5
6,Feinberg,silverrruns,9,5,4,0.5555555555555556
6,Feinberg,dandannyboy,11,8,3,0.7272727272727273
6,Feinberg,Erikfzf,1,0,1,0.0
6,hackingnoises,lowk3y_,2,0,2,0.0
6,hackingnoises,Oxidiot,9,4,5,0.4444444444444444
6,hackingnoises,dandannyboy,1,1,0,1.0
6,hackingnoises,Erikfzf,1,0,1,0.0
6,hackingnoises,TUDORULE,5,2,3,0.4
6,lowk3y_,MrBudgiee,2,2,0,1.0
6,lowk3y_,dandannyboy,3,2,1,0.6666666666666666
6,lowk3y_,Erikfzf,2,2,0,1.0
6,lowk3y_,TUDORULE,2,1,1,0.5
6,MrBudgiee,silverrruns,6,3,3,0.5
6,MrBudgiee,dandannyboy,13,9,4,0.6923076923076923
6,MrBudgiee,Erikfzf,3,1,2,0.3333333333333333
6,Oxidiot,Erikfzf,5,3,2,0.6
6,silverrruns,dandannyboy,23,14,9,0.6086956521739131
6,silverrruns,Erikfzf,8,5,3,0.625
6,silverrruns,TUDORULE,1,0,1,0.0
6,dandannyboy,Erikfzf,7,4,3,0.5714285714285714
6,Erikfzf,TUDORULE,1,0,1,0.0
7,7rowl,Ancoboyy,16,12,4,0.75
7,7rowl,Aquacorde,1,1,0,1.0
7,7rowl,BadGamer,10,8,2,0.8
7,7rowl,BeefSalad,20,8,12,0.4
7,7rowl,bing_pigs,15,4,11,0.26666666666666666
7,7rowl,doogile,3,2,1,0.6666666666666666
7,7rowl,Feinberg,13,4,9,0.3076923076923077
7,7rowl,Infume,14,2,12,0.14285714285714285
7,7rowl,lowk3y_,3,1,2,0.3333333333333333
7,7rowl,retropog,11,8,3,0.7272727272727273
7,7rowl,hackingnoises,10,4,6,0.4
7,7rowl,Oxidiot,7,5,2,0.7142857142857143
7,7rowl,silverrruns,4,3,1,0.75
7,Ancoboyy,BadGamer,5,2,3,0.4
7,Ancoboyy,BeefSalad,11,7,4,0.6363636363636364
7,Ancoboyy,bing_pigs,28,13,15,0.4642857142857143
7,Ancoboyy,doogile,3,2,1,0.6666666666666666
7,Ancoboyy,Feinberg,7,0,7,0.0
7,Ancoboyy,Infume,7,1,6,0.14285714285714285
7,Ancoboyy,retropog,7,4,3,0.5714285714285714
7,Ancoboyy,hackingnoises,1,1,0,1.0
7,Ancoboyy,Oxidiot,1,0,1,0.0
7,Ancoboyy,silverrruns,1,1,0,1.0
7,Aquacorde,BadGamer,27,19,8,0.7037037037037037
7,Aquacorde,BeefSalad,8,3,5,0.375
7,Aquacorde,bing_pigs,3,1,2,0.3333333333333333
7,Aquacorde,doogile,17,5,12,0.29411764705882354
7,Aquacorde,Feinberg,22,11,11,0.5
7,Aquacorde,Infume,25,8,17,0.32
7,Aquacorde,lowk3y_,5,3,2,0.6
7,Aquacorde,retropog,9,6,3,0.6666666666666666
7,Aquacorde,silverrruns,11,4,7,0.36363636363636365
7,BadGamer,BeefSalad,6,2,4,0.3333333333333333
7,BadGamer,bing_pigs,4,2,2,0.5
7,BadGamer,doogile,17,6,11,0.35294117647058826
7,BadGamer,Feinberg,22,10,12,0.45454545454545453
7,BadGamer,Infume,27,8,19,0.2962962962962963
7,BadGamer,lowk3y_,2,1,1,0.5
7,BadGamer,retropog,7,3,4,0.42857142857142855
7,BadGamer,silverrruns,17,9,8,0.5294117647058824
7,BeefSalad,bing_pigs,48,18,30,0.375
7,BeefSalad,doogile,12,3,9,0.25
7,BeefSalad,Feinberg,37,22,15,0.5945945945945946
7,BeefSalad,Infume,12,2,10,0.16666666666666666
7,BeefSalad,lowk3y_,13,6,7,0.46153846153846156
7,BeefSalad,retropog,10,7,3,0.7
7,BeefSalad,hackingnoises,13,9,4,0.6923076923076923
7,BeefSalad,Oxidiot,8,4,4,0.5
7,BeefSalad,silverrruns,5,1,4,0.2
7,bing_pigs,doogile,5,2,3,0.4
7,bing_pigs,Feinberg,8,5,3,0.625
7,bing_pigs,Infume,9,2,7,0.2222222222222222
7,bing_pigs,lowk3y_,11,4,7,0.36363636363636365
7,bing_pigs,retropog,28,20,8,0.7142857142857143
7,bing_pigs,hackingnoises,26,8,18,0.3076923076923077
7,bing_pigs,Oxidiot,5,3,2,0.6
7,bing_pigs,silverrruns,10,6,4,0.6
7,doogile,Feinberg,30,17,13,0.5666666666666667
7,doogile,Infume,18,9,9,0.5
7,doogile,retropog,2,0,2,0.0
7,doogile,Oxidiot,2,2,0,1.0
7,doogile,silverrruns,15,9,6,0.6
7,Feinberg,Infume,59,27,32,0.4576271186440678
7,Feinberg,lowk3y_,2,2,0,1.0
7,Feinberg,hackingnoises,2,1,1,0.5
7,Feinberg,Oxidiot,2,1,1,0.5
7,Feinberg,silverrruns,9,5,4,0.5555555555555556
7,Infume,lowk3y_,9,5,4,0.5555555555555556
7,Infume,retropog,4,3,1,0.75
7,Infume,silverrruns,18,9,9,0.5
7,lowk3y_,retropog,4,3,1,0.75
7,lowk3y_,hackingnoises,2,2,0,1.0
7,retropog,hackingnoises,14,5,9,0.35714285714285715
7,retropog,Oxidiot,3,2,1,0.6666666666666666
7,retropog,silverrruns,5,3,2,0.6
7,hackingnoises,Oxidiot,9,4,5,0.4444444444444444
8,7rowl,Aquacorde,1,1,0,1.0
8,7rowl,BeefSalad,20,8,12,0.4
8,7rowl,bing_pigs,15,4,11,0.26666666666666666
8,7rowl,DARVY__X1,7,3,4,0.42857142857142855
8,7rowl,doogile,3,2,1,0.6666666666666666
8,7rowl,edcr,6,2,4,0.3333333333333333
8,7rowl,Feinberg,13,4,9,0.3076923076923077
8,7rowl,Infume,14,2,12,0.14285714285714285
8,7rowl,lowk3y_,3,1,2,0.3333333333333333
8,7rowl,Ranik_,15,13,2,0.8666666666666667
8,7rowl,silverrruns,4,3,1,0.75
8,7rowl,hackingnoises,10,4,6,0.4
8,7rowl,KenanKardes,10,6,4,0.6
8,7rowl,TUDORULE,5,2,3,0.4
8,7rowl,v_strid,29,17,12,0.5862068965517241
8,Aquacorde,BeefSalad,8,3,5,0.375
8,Aquacorde,bing_pigs,3,1,2,0.3333333333333333
8,Aquacorde,doogile,17,5,12,0.29411764705882354
8,Aquacorde,edcr,1,0,1,0.0
8,Aquacorde,Feinberg,22,11,11,0.5
8,Aquacorde,Infume,25,8,17,0.32
8,Aquacorde,lowk3y_,5,3,2,0.6
8,Aquacorde,Ranik_,4,3,1,0.75
8,Aquacorde,silverrruns,11,4,7,0.36363636363636365
8,Aquacorde,KenanKardes,2,0,2,0.0
8,Aquacorde,v_strid,17,12,5,0.7058823529411765
8,BeefSalad,bing_pigs,48,18,30,0.375
8,BeefSalad,DARVY__X1,7,6,1,0.8571428571428571
8,BeefSalad,doogile,12,3,9,0.25
8,BeefSalad,edcr,21,6,15,0.2857142857142857
8,BeefSalad,Feinberg,37,22,15,0.5945945945945946
8,BeefSalad,Infume,12,2,10,0.16666666666666666
8,BeefSalad,lowk3y_,13,6,7,0.46153846153846156
8,BeefSalad,Ranik_,10,4,6,0.4
8,BeefSalad,silverrruns,5,1,4,0.2
8,BeefSalad,hackingnoises,13,9,4,0.6923076923076923
8,BeefSalad,KenanKardes,21,10,11,0.47619047619047616
8,BeefSalad,TUDORULE,6,3,3,0.5
8,BeefSalad,v_strid,64,42,22,0.65625
8,bing_pigs,DARVY__X1,17,10,7,0.5882352941176471
8,bing_pigs,doogile,5,2,3,0.4
8,bing_pigs,edcr,18,7,11,0.3888888888888889
8,bing_pigs,Feinberg,8,5,3,0.625
8,bing_pigs,Infume,9,2,7,0.2222222222222222
8,bing_pigs,lowk3y_,11,4,7,0.36363636363636365
8,bing_pigs,Ranik_,11,7,4,0.6363636363636364
8,bing_pigs,silverrruns,10,6,4,0.6
8,bing_pigs,hackingnoises,26,8,18,0.3076923076923077
8,bing_pigs,KenanKardes,24,14,10,0.5833333333333334
8,bing_pigs,TUDORULE,22,13,9,0.5909090909090909
8,bing_pigs,v_strid,21,12,9,0.5714285714285714
8,DARVY__X1,edcr,4,0,4,0.0
8,DARVY__X1,Feinberg,4,3,1,0.75
8,DARVY__X1,lowk3y_,6,2,4,0.3333333333333333
8,DARVY__X1,Ranik_,6,3,3,0.5
8,DARVY__X1,hackingnoises,3,0,3,0.0
8,DARVY__X1,KenanKardes,6,3,3,0.5
8,DARVY__X1,TUDORULE,1,0,1,0.0
8,DARVY__X1,v_strid,15,7,8,0.4666666666666667
8,doogile,edcr,7,2,5,0.2857142857142857
8,doogile,Feinberg,30,17,13,0.5666666666666667
8,doogile,Infume,18,9,9,0.5
8,doogile,Ranik_,4,2,2,0.5
8,doogile,silverrruns,15,9,6,0.6
8,doogile,KenanKardes,3,2,1,0.6666666666666666
8,doogile,TUDORULE,3,1,2,0.3333333333333333
8,doogile,v_strid,17,16,1,0.9411764705882353
8,edcr,Feinberg,3,3,0,1.0
8,edcr,Infume,2,2,0,1.0
8,edcr,lowk3y_,6,4,2,0.6666666666666666
8,edcr,Ranik_,3,3,0,1.0
8,edcr,hackingnoises,5,3,2,0.6
8,edcr,KenanKardes,18,12,6,0.6666666666666666
8,edcr,TUDORULE,4,3,1,0.75
8,edcr,v_strid,18,14,4,0.7777777777777778
8,Feinberg,Infume,59,27,32,0.4576271186440678
8,Feinberg,lowk3y_,2,2,0,1.0
8,Feinberg,Ranik_,8,5,3,0.625
8,Feinberg,silverrruns,9,5,4,0.5555555555555556
8,Feinberg,hackingnoises,2,1,1,0.5
8,Feinberg,KenanKardes,12,7,5,0.5833333333333334
8,Feinberg,v_strid,66,41,25,0.6212121212121212
8,Infume,lowk3y_,9,5,4,0.5555555555555556
8,Infume,Ranik_,10,8,2,0.8
8,Infume,silverrruns,18,9,9,0.5
8,Infume,KenanKardes,4,3,1,0.75
8,Infume,v_strid,24,15,9,0.625
8,lowk3y_,hackingnoises,2,2,0,1.0
8,lowk3y_,KenanKardes,3,0,3,0.0
8,lowk3y_,TUDORULE,2,1,1,0.5
8,lowk3y_,v_strid,7,6,1,0.8571428571428571
8,Ranik_,silverrruns,6,3,3,0.5
8,Ranik_,hackingnoises,4,1,3,0.25
8,Ranik_,KenanKardes,9,3,6,0.3333333333333333
8,Ranik_,TUDORULE,2,1,1,0.5
8,Ranik_,v_strid,12,2,10,0.16666666666666666
8,silverrruns,KenanKardes,1,0,1,0.0
8,silverrruns,TUDORULE,1,0,1,0.0
8,silverrruns,v_strid,11,5,6,0.45454545454545453
8,hackingnoises,KenanKardes,5,4,1,0.8
8,hackingnoises,TUDORULE,5,2,3,0.4
8,hackingnoises,v_strid,2,2,0,1.0
8,KenanKardes,TUDORULE,7,3,4,0.42857142857142855
8,KenanKardes,v_strid,25,8,17,0.32
8,TUDORULE,v_strid,8,4,4,0.5
9,Feinberg,Infume,59,27,32,0.4576271186440678
9,Feinberg,edcr,3,0,3,0.0
9,Feinberg,steez,28,16,12,0.5714285714285714
9,Feinberg,hackingnoises,2,1,1,0.5
9,Feinberg,Aquacorde,22,10,12,0.45454545454545453
9,Feinberg,nhb_,25,14,11,0.56
9,Feinberg,silverrruns,9,5,4,0.5555555555555556
9,Feinberg,BeefSalad,37,13,24,0.35135135135135137
9,Feinberg,nahhann,36,22,14,0.6111111111111112
9,Feinberg,lowk3y_,2,2,0,1.0
9,Feinberg,doogile,30,13,17,0.43333333333333335
9,Feinberg,HDMICables,7,3,4,0.42857142857142855
9,Feinberg,bing_pigs,8,3,5,0.375
9,Feinberg,BlazeMind,2,2,0,1.0
9,Infume,edcr,2,0,2,0.0
9,Infume,steez,8,7,1,0.875
9,Infume,Aquacorde,25,17,8,0.68
9,Infume,nhb_,28,21,7,0.75
9,Infume,silverrruns,18,9,9,0.5
9,Infume,BeefSalad,12,10,2,0.8333333333333334
9,Infume,nahhann,56,36,20,0.6428571428571429
9,Infume,lowk3y_,9,5,4,0.5555555555555556
9,Infume,doogile,18,9,9,0.5
9,Infume,bing_pigs,9,7,2,0.7777777777777778
9,Infume,BlazeMind,21,12,9,0.5714285714285714
9,edcr,steez,13,5,8,0.38461538461538464
9,edcr,hackingnoises,5,3,2,0.6
9,edcr,Aquacorde,1,1,0,1.0
9,edcr,nhb_,5,3,2,0.6
9,edcr,Pinne,2,2,0,1.0
9,edcr,BeefSalad,21,15,6,0.7142857142857143
9,edcr,nahhann,3,1,2,0.3333333333333333
9,edcr,lowk3y_,6,4,2,0.6666666666666666
9,edcr,doogile,7,5,2,0.7142857142857143
9,edcr,HDMICables,1,1,0,1.0
9,edcr,bing_pigs,18,11,7,0.6111111111111112
9,edcr,BlazeMind,10,8,2,0.8
9,steez,hackingnoises,17,7,10,0.4117647058823529
9,steez,Aquacorde,4,2,2,0.5
9,steez,nhb_,8,6,2,0.75
9,steez,silverrruns,2,0,2,0.0
9,steez,BeefSalad,34,10,24,0.29411764705882354
9,steez,nahhann,6,3,3,0.5
9,steez,lowk3y_,3,2,1,0.6666666666666666
9,steez,doogile,1,0,1,0.0
9,steez,HDMICables,11,7,4,0.6363636363636364
9,steez,bing_pigs,22,13,9,0.5909090909090909
9,hackingnoises,nhb_,6,4,2,0.6666666666666666
9,hackingnoises,Pinne,1,0,1,0.0
9,hackingnoises,BeefSalad,13,4,9,0.3076923076923077
9,hackingnoises,lowk3y_,2,0,2,0.0
9,hackingnoises,HDMICables,1,1,0,1.0
9,hackingnoises,bing_pigs,26,18,8,0.6923076923076923
9,hackingnoises,BlazeMind,3,3,0,1.0
9,Aquacorde,nhb_,14,7,7,0.5
9,Aquacorde,silverrruns,11,4,7,0.36363636363636365
9,Aquacorde,Pinne,2,1,1,0.5
9,Aquacorde,BeefSalad,8,3,5,0.375
9,Aquacorde,nahhann,22,8,14,0.36363636363636365
9,Aquacorde,lowk3y_,5,3,2,0.6
9,Aquacorde,doogile,17,5,12,0.29411764705882354
9,Aquacorde,bing_pigs,3,1,2,0.3333333333333333
9,Aquacorde,BlazeMind,17,9,8,0.5294117647058824
9,nhb_,silverrruns,27,15,12,0.5555555555555556
9,nhb_,Pinne,1,0,1,0.0
9,nhb_,BeefSalad,20,8,12,0.4
9,nhb_,nahhann,23,9,14,0.391304347826087
9,nhb_,lowk3y_,6,2,4,0.3333333333333333
9,nhb_,doogile,7,2,5,0.2857142857142857
9,nhb_,HDMICables,8,4,4,0.5
9,nhb_,bing_pigs,11,2,9,0.18181818181818182
9,nhb_,BlazeMind,7,1,6,0.14285714285714285
9,silverrruns,BeefSalad,5,4,1,0.8
9,silverrruns,nahhann,8,5,3,0.625
9,silverrruns,doogile,15,5,10,0.3333333333333333
9,silverrruns,HDMICables,3,3,0,1.0
9,silverrruns,bing_pigs,10,4,6,0.4
9,silverrruns,BlazeMind,9,4,5,0.4444444444444444
9,Pinne,BeefSalad,2,1,1,0.5
9,Pinne,doogile,1,0,1,0.0
9,Pinne,bing_pigs,1,0,1,0.0
9,BeefSalad,nahhann,14,4,10,0.2857142857142857
9,BeefSalad,lowk3y_,13,6,7,0.46153846153846156
9,BeefSalad,doogile,12,3,9,0.25
9,BeefSalad,HDMICables,16,3,13,0.1875
9,BeefSalad,bing_pigs,48,18,30,0.375
9,BeefSalad,BlazeMind,4,2,2,0.5
9,nahhann,lowk3y_,2,0,2,0.0
9,nahhann,doogile,19,9,10,0.47368421052631576
9,nahhann,HDMICables,7,4,3,0.5714285714285714
9,nahhann,bing_pigs,1,1,0,1.0
9,nahhann,BlazeMind,20,9,11,0.45
9,lowk3y_,bing_pigs,11,7,4,0.6363636363636364
9,lowk3y_,BlazeMind,1,1,0,1.0
9,doogile,HDMICables,2,2,0,1.0
9,doogile,bing_pigs,5,3,2,0.6
9,doogile,BlazeMind,8,6,2,0.75
9,HDMICables,bing_pigs,13,9,4,0.6923076923076923
9,HDMICables,BlazeMind,4,3,1,0.75
9,bing_pigs,BlazeMind,13,5,8,0.38461538461538464
