nickname,season,matches_played,wins,losses,winrate,avg_finish_ms,best_finish_ms,consistency_score,forfeit_rate,elo_at_season_end
silverrruns,1,115,55,60,0.4782608695652174,583623.9454545454,50506.0,0.6857194555957395,0.3565217391304348,2260.0
dandannyboy,1,72,24,48,0.3333333333333333,572516.5416666666,64251.0,0.4735947629506714,0.5833333333333334,1932.0
Oxidiot,1,83,50,33,0.6024096385542169,690247.68,28037.0,0.7256634361919905,0.18072289156626506,2200.0
Reignex,1,96,72,24,0.75,688958.6666666666,136219.0,0.6001094586912883,0.3229166666666667,
priffie,1,105,61,44,0.580952380952381,682319.4262295082,6127.0,0.6674325223891535,0.2857142857142857,
orachi_,1,55,42,13,0.7636363636363637,659264.9761904762,106056.0,0.6986200746037687,0.8,2004.0
lowk3y_,1,87,54,33,0.6206896551724138,716197.3888888889,183818.0,0.7464375659592981,0.22988505747126436,2387.0
7rowl,1,104,69,35,0.6634615384615384,656155.1449275363,197348.0,0.7207184627782413,0.3557692307692308,2273.0
doogile,1,116,69,47,0.5948275862068966,607283.6666666666,659.0,0.6108087739092092,0.31896551724137934,2385.0
Ancoboyy,1,122,60,62,0.4918032786885246,711095.9,201520.0,0.7723009324933828,0.4672131147540984,2179.0
pulsar32,1,87,45,42,0.5172413793103449,628820.7777777778,31847.0,0.5013565499003214,0.4367816091954023,
Ranik_,1,94,56,38,0.5957446808510638,819159.3571428572,137925.0,0.7261849006622536,0.30851063829787234,2059.0
MoleyG,1,99,41,58,0.41414141414141414,718046.5609756098,4590.0,0.6714638260145597,0.42424242424242425,1895.0
CroProYT,1,45,34,11,0.7555555555555555,723418.8529411765,204038.0,0.6456000986090398,0.35555555555555557,1930.0
Dylqn,1,95,48,47,0.5052631578947369,775210.8333333334,152261.0,0.7617751639353707,0.14736842105263157,1441.0
lowk3y_,2,77,59,18,0.7662337662337663,706155.6271186441,25294.0,0.7092382777056181,0.6753246753246753,2387.0
CroProYT,2,20,14,6,0.7,783380.0,226234.0,0.6754365970802355,0.35,1930.0
dandannyboy,2,118,54,64,0.4576271186440678,666483.8148148148,182927.0,0.7075444953248999,0.2711864406779661,1932.0
doogile,2,85,63,22,0.7411764705882353,676119.253968254,147633.0,0.7863112274130283,0.29411764705882354,2385.0
7rowl,2,106,68,38,0.6415094339622641,666436.2205882353,42882.0,0.7160493093140885,0.3113207547169811,2273.0
kW1st,2,107,52,55,0.48598130841121495,695231.5961538461,169578.0,0.6102067885957054,0.3644859813084112,1747.0
priffie,2,107,65,42,0.6074766355140186,687249.7692307692,119229.0,0.6816496584673839,0.3177570093457944,
dwoh,2,83,31,52,0.37349397590361444,688469.8709677419,146068.0,0.725847964072617,0.6265060240963856,1819.0
silverrruns,2,85,61,24,0.7176470588235294,672221.868852459,220997.0,0.7264818935823104,0.25882352941176473,2260.0
Emillk,2,97,53,44,0.5463917525773195,793611.0566037736,202391.0,0.7115243163495408,0.26804123711340205,1763.0
bing_pigs,2,121,64,57,0.5289256198347108,694328.359375,131227.0,0.7112094755431932,0.32231404958677684,2409.0
drx6,2,85,47,38,0.5529411764705883,712361.4042553192,63767.0,0.6419155818473822,0.23529411764705882,1831.0
Ancoboyy,2,95,54,41,0.5684210526315789,640208.1851851852,120254.0,0.7183186696560381,0.49473684210526314,2179.0
Ranik_,2,134,68,66,0.5074626865671642,691128.2794117647,4717.0,0.6660329896831063,0.2835820895522388,2059.0
Oxidiot,2,94,55,39,0.5851063829787234,643621.0909090909,174367.0,0.7039231161644861,0.2765957446808511,2200.0
7rowl,3,113,81,32,0.7168141592920354,642720.5432098765,164390.0,0.7373083755391128,0.25663716814159293,2273.0
Ancoboyy,3,109,58,51,0.5321100917431193,626508.6551724138,166909.0,0.7154704005384986,0.45871559633027525,2179.0
dandannyboy,3,96,55,41,0.5729166666666666,676765.2909090909,7947.0,0.6820238072705467,0.23958333333333334,1932.0
doogile,3,112,77,35,0.6875,590579.1428571428,8602.0,0.49207665354799646,0.4017857142857143,2385.0
hackingnoises,3,100,68,32,0.68,663420.7058823529,8955.0,0.6668115192066069,0.29,2480.0
lowk3y_,3,155,101,54,0.6516129032258065,651607.8415841584,174261.0,0.7722170864476294,0.2,2387.0
Oxidiot,3,120,69,51,0.575,641679.0144927537,78205.0,0.7436402852922335,0.35,2200.0
priffie,3,92,59,33,0.6413043478260869,729479.8813559322,79046.0,-0.2097840760139853,0.3695652173913043,
ANJOUU,3,95,46,49,0.4842105263157895,683259.6304347826,101196.0,0.640695366719901,0.23157894736842105,2231.0
BeefSalad,3,138,61,77,0.4420289855072464,648232.1967213114,3357.0,0.6641314049016326,0.41304347826086957,2097.0
Bloonskiller,3,46,22,24,0.4782608695652174,805185.5,321072.0,0.7357711400503189,0.21739130434782608,2232.0
loodlow,3,52,27,25,0.5192307692307693,610987.0,3884.0,0.5333020361675845,0.7115384615384616,2177.0
paplerr,3,102,49,53,0.4803921568627451,672899.8775510204,68791.0,0.6691911064077352,0.3137254901960784,2072.0
v_strid,3,141,59,82,0.41843971631205673,697669.0847457628,180673.0,0.7289462573886583,0.2695035460992908,2364.0
autoqualler,3,99,47,52,0.47474747474747475,655612.2553191489,108984.0,0.6353322821134728,0.31313131313131315,1768.0
7rowl,4,118,88,30,0.7457627118644068,605624.5909090909,151470.0,0.7839757221159394,0.1864406779661017,2273.0
Ancoboyy,4,126,65,61,0.5158730158730159,605256.4153846154,3754.0,0.7569769424468821,0.373015873015873,2179.0
dandannyboy,4,91,43,48,0.4725274725274725,674817.023255814,21904.0,0.7324322602126574,0.2967032967032967,1932.0
doogile,4,107,71,36,0.6635514018691588,563743.2676056338,64994.0,0.7151900181455362,0.21495327102803738,2385.0
AutomattPLUS,4,60,44,16,0.7333333333333333,670263.1363636364,165039.0,0.7224306033517469,0.2,2066.0
hackingnoises,4,99,55,44,0.5555555555555556,565112.0909090909,23485.0,0.6752344471792743,0.2222222222222222,2480.0
Hinart,4,93,56,37,0.6021505376344086,581848.9821428572,72358.0,0.6384545407079036,0.3010752688172043,1846.0
lowk3y_,4,105,74,31,0.7047619047619048,613331.8918918918,102562.0,0.7817751142078315,0.19047619047619047,2387.0
paplerr,4,98,56,42,0.5714285714285714,644742.9642857143,26794.0,0.6742093700271831,0.29591836734693877,2072.0
priffie,4,81,45,36,0.5555555555555556,642602.8,338167.0,0.7628250290715168,0.18518518518518517,
silverrruns,4,132,69,63,0.5227272727272727,636582.1594202898,66754.0,0.716811471012734,0.11363636363636363,2260.0
ANJOUU,4,79,41,38,0.5189873417721519,597560.4146341464,11744.0,0.6659640500034537,0.2911392405063291,2231.0
bing_pigs,4,166,83,83,0.5,664723.9277108434,123293.0,0.70612256750702,0.19879518072289157,2409.0
Cube1337x,4,90,51,39,0.5666666666666667,629503.5098039216,97048.0,0.6921621975128042,0.17777777777777778,1846.0
v_strid,4,134,65,69,0.48507462686567165,660971.3384615384,13974.0,0.7239322009708089,0.19402985074626866,2364.0
7rowl,5,106,70,36,0.660377358490566,603151.4857142858,185975.0,0.778414770039417,0.24528301886792453,2273.0
Ancoboyy,5,97,33,64,0.3402061855670103,588637.0,56935.0,0.7280111031377492,0.6701030927835051,2179.0
BeefSalad,5,146,75,71,0.5136986301369864,636772.2533333333,216403.0,0.8208691348713872,0.14383561643835616,2097.0
bing_pigs,5,129,84,45,0.6511627906976745,568133.6666666666,3459.0,0.6392068403924105,0.3643410852713178,2409.0
doogile,5,100,68,32,0.68,580915.3088235294,48302.0,0.7444873648432472,0.11,2385.0
AutomattPLUS,5,81,52,29,0.6419753086419753,623154.7884615385,214259.0,0.7103579385866947,0.19753086419753085,2066.0
hackingnoises,5,68,39,29,0.5735294117647058,633569.3076923077,155166.0,0.7242317158668472,0.1323529411764706,2480.0
lowk3y_,5,109,71,38,0.6513761467889908,602240.3802816902,170369.0,0.7915212315167606,0.09174311926605505,2387.0
Oxidiot,5,75,43,32,0.5733333333333334,554120.7674418605,17186.0,0.6410323623897306,0.17333333333333334,2200.0
silverrruns,5,89,60,29,0.6741573033707865,563377.0,30984.0,0.670794418678631,0.25842696629213485,2260.0
TUDORULE,5,109,56,53,0.5137614678899083,635212.875,228691.0,0.7665009414402535,0.14678899082568808,2274.0
v_strid,5,264,136,128,0.5151515151515151,616247.9485294118,106004.0,0.7365009362779058,0.12121212121212122,2364.0
Aquacorde,5,73,44,29,0.6027397260273972,664791.8409090909,238867.0,0.7680268911324644,0.1780821917808219,2252.0
dandannyboy,5,113,63,50,0.5575221238938053,628104.9523809524,3896.0,0.6538695717899016,0.26548672566371684,1932.0
KenanKardes,5,98,49,49,0.5,648189.7551020408,194687.0,0.7408699335422584,0.16326530612244897,2110.0
pulsar32,5,113,43,70,0.3805309734513274,563918.8837209302,64765.0,0.6291229365752092,0.5752212389380531,
7rowl,6,136,78,58,0.5735294117647058,585958.5769230769,191593.0,0.78924035878029,0.20588235294117646,2273.0
Ayreliaa,6,62,25,37,0.4032258064516129,664139.92,384498.0,0.8070852875826652,0.4838709677419355,
BeefSalad,6,110,53,57,0.4818181818181818,597931.962264151,491799.0,0.8855456290170072,0.4636363636363636,2097.0
bing_pigs,6,133,67,66,0.5037593984962406,586724.6119402985,153164.0,0.7416152670773272,0.15037593984962405,2409.0
doogile,6,135,87,48,0.6444444444444445,565685.9655172414,127715.0,0.7715414601979205,0.1925925925925926,2385.0
AutomattPLUS,6,75,51,24,0.68,659185.9019607843,501762.0,0.7846794113151939,0.16,2066.0
Feinberg,6,89,49,40,0.550561797752809,591395.3265306122,120248.0,0.7461773464612342,0.11235955056179775,2462.0
hackingnoises,6,91,63,28,0.6923076923076923,532864.2857142857,144968.0,0.715827072647557,0.16483516483516483,2480.0
lowk3y_,6,102,66,36,0.6470588235294118,539894.9393939395,19890.0,0.7208774351062335,0.22549019607843138,2387.0
MrBudgiee,6,83,55,28,0.6626506024096386,674629.8909090909,125369.0,0.6200321262342914,0.3373493975903614,2086.0
Oxidiot,6,107,62,45,0.5794392523364486,557255.8064516129,135389.0,0.7194861286565343,0.1308411214953271,2200.0
silverrruns,6,74,35,39,0.47297297297297297,578255.3428571429,290029.0,0.7681101880803421,0.14864864864864866,2260.0
dandannyboy,6,115,51,64,0.4434782608695652,581768.6862745098,4623.0,0.7079623304586213,0.3217391304347826,1932.0
Erikfzf,6,99,48,51,0.48484848484848486,620309.2291666666,160434.0,0.7188633196762162,0.1717171717171717,2256.0
TUDORULE,6,114,62,52,0.543859649122807,596944.7258064516,161446.0,0.8008840748965811,0.11403508771929824,2274.0
7rowl,7,99,61,38,0.6161616161616161,565620.7213114754,80280.0,0.7486180301642802,0.16161616161616163,2273.0
Ancoboyy,7,99,54,45,0.5454545454545454,562272.1666666666,128332.0,0.7787184222509018,0.31313131313131315,2179.0
Aquacorde,7,85,57,28,0.6705882352941176,563439.649122807,113648.0,0.8297173432365913,0.09411764705882353,2252.0
BadGamer,7,78,49,29,0.6282051282051282,545983.1224489796,33238.0,0.7221964232416183,0.3974358974358974,2408.0
BeefSalad,7,143,72,71,0.5034965034965035,574233.5277777778,166365.0,0.7926299685794181,0.2517482517482518,2097.0
bing_pigs,7,105,64,41,0.6095238095238096,540381.203125,127041.0,0.7696596513460177,0.1523809523809524,2409.0
doogile,7,97,61,36,0.6288659793814433,520414.9016393443,181397.0,0.7433028824015409,0.17525773195876287,2385.0
Feinberg,7,74,46,28,0.6216216216216216,582253.8260869565,117058.0,0.8000788864848277,0.0945945945945946,2462.0
Infume,7,127,65,62,0.5118110236220472,583462.2615384615,423597.0,0.8617432716105417,0.023622047244094488,2397.0
lowk3y_,7,118,85,33,0.7203389830508474,555230.4941176471,200877.0,0.8071329490979506,0.13559322033898305,2387.0
priffie,7,88,51,37,0.5795454545454546,575616.7843137255,7524.0,0.6244561142604566,0.17045454545454544,
retropog,7,69,40,29,0.5797101449275363,545105.9,88148.0,0.6984224190016737,0.2318840579710145,1977.0
r7sD4fH6jK0wY5uB,7,99,51,48,0.5151515151515151,552975.1960784313,12380.0,0.6733224144406793,0.29292929292929293,2008.0
hackingnoises,7,92,46,46,0.5,528504.3913043478,123886.0,0.7655573086655593,0.2391304347826087,2480.0
Oxidiot,7,50,29,21,0.58,597015.7586206896,158710.0,0.7583051474113236,0.08,2200.0
silverrruns,7,64,38,26,0.59375,613146.6315789474,151578.0,0.5830802449822428,0.140625,2260.0
7rowl,8,84,54,30,0.6428571428571429,583323.9629629629,276401.0,0.7979536902865431,0.25,2273.0
Aquacorde,8,75,46,29,0.6133333333333333,550680.0652173914,173643.0,0.6914312216241709,0.17333333333333334,2252.0
BeefSalad,8,112,58,54,0.5178571428571429,532254.6034482758,194797.0,0.7199672425362628,0.25,2097.0
bing_pigs,8,85,53,32,0.6235294117647059,521257.2641509434,98657.0,0.7066874236421117,0.17647058823529413,2409.0
DARVY__X1,8,104,58,46,0.5576923076923077,536938.7413793104,96283.0,0.7420694642171517,0.20192307692307693,2304.0
doogile,8,95,36,59,0.37894736842105264,534339.75,188637.0,0.7935027808318331,0.07368421052631578,2385.0
edcr,8,132,57,75,0.4318181818181818,536145.350877193,134944.0,0.7767658110475536,0.20454545454545456,2600.0
Feinberg,8,90,55,35,0.6111111111111112,903687.1636363637,279909.0,-0.06564793596721374,0.24444444444444444,2462.0
Infume,8,118,76,42,0.6440677966101694,495953.1710526316,7689.0,0.7503150892449882,0.19491525423728814,2397.0
lowk3y_,8,62,49,13,0.7903225806451613,550200.4693877551,328196.0,0.8175051788869887,0.24193548387096775,2387.0
Ranik_,8,82,49,33,0.5975609756097561,637480.7551020408,286965.0,0.5283638513438275,0.18292682926829268,2059.0
silverrruns,8,95,55,40,0.5789473684210527,687786.4181818182,142233.0,0.09403087873142968,0.2,2260.0
hackingnoises,8,73,53,20,0.726027397260274,542360.0754716981,136411.0,0.7241295683078735,0.1917808219178082,2480.0
KenanKardes,8,123,67,56,0.5447154471544715,555311.3134328359,125128.0,0.7651050577824415,0.13821138211382114,2110.0
TUDORULE,8,125,55,70,0.44,550386.7636363637,183184.0,0.7868595916789405,0.224,2274.0
v_strid,8,186,77,109,0.41397849462365593,567334.5194805195,151644.0,0.7228181278557955,0.1827956989247312,2364.0
Feinberg,9,107,54,53,0.5046728971962616,553892.8333333334,222964.0,0.8011320720323872,0.102803738317757,2462.0
Infume,9,110,71,39,0.6454545454545455,525342.2394366197,210091.0,0.8408296274927358,0.06363636363636363,2397.0
edcr,9,68,45,23,0.6617647058823529,536428.5111111111,210203.0,0.7562225721656656,0.11764705882352941,2600.0
steez,9,87,48,39,0.5517241379310345,571773.1041666666,210112.0,0.7993644301243965,0.3103448275862069,2432.0
hackingnoises,9,92,59,33,0.6413043478260869,528550.1355932204,124801.0,0.7769988379110019,0.14130434782608695,2480.0
Aquacorde,9,73,48,25,0.6575342465753424,553439.8541666666,287040.0,0.8356232312584908,0.1095890410958904,2252.0
nhb_,9,104,51,53,0.49038461538461536,558091.5490196078,342783.0,0.8498940194481106,0.21153846153846154,2278.0
silverrruns,9,118,61,57,0.5169491525423728,561739.8196721311,212511.0,0.7647156816040851,0.0847457627118644,2260.0
Pinne,9,10,8,2,0.8,599811.25,327041.0,0.7848088423281567,0.1,2176.0
BeefSalad,9,106,49,57,0.46226415094339623,584755.9387755102,210077.0,0.36217802033757507,0.16981132075471697,2097.0
nahhann,9,63,41,22,0.6507936507936508,524789.756097561,218156.0,0.8174856358478535,0.15873015873015872,2402.0
lowk3y_,9,53,28,25,0.5283018867924528,535844.7142857143,210235.0,0.7762216835874086,0.07547169811320754,2387.0
doogile,9,53,38,15,0.7169811320754716,501701.8157894737,0.0,0.7552412095423587,0.09433962264150944,2385.0
HDMICables,9,65,38,27,0.5846153846153846,531772.947368421,103050.0,0.7555919915335785,0.35384615384615387,2208.0
bing_pigs,9,123,58,65,0.4715447154471545,564081.4137931034,282490.0,0.8040349158688467,0.14634146341463414,2409.0
BlazeMind,9,89,45,44,0.5056179775280899,556272.4666666667,242455.0,0.809023099435801,0.056179775280898875,2362.0
